sentenca,ambiente,bebida,comida,geral,localização,outros,preço,serviço
"café region normal , simpl , com toda as opçõ regionai , ma sem muito destaqu .",0,1,0,0,0,0,0,0
preço um pouco salgado .,0,0,0,0,0,0,1,0
"valeu a pena cada centavo , atendimento muito bom e carn boa .",0,0,1,0,0,0,1,1
rodízio maravilhoso belém melhor atendent,0,0,1,0,0,0,0,1
"ambient agradável , todo temático e ele dispo de cerveja de fabricação própria .",1,1,0,0,0,0,0,0
péssimo atendimento .,0,0,0,0,0,0,0,1
lugar muito bom para conversar e excelent opçõ de cardápio .,0,0,1,1,0,0,0,0
"comida ao ponto certo e super gostoso , para quem veio buscar informação sobr o local e atendimento , super indico !",0,0,1,0,0,0,0,1
"ótimo barzinho , com musica ao vivo , mesa na calçada e na rua , servem um bolinho de bacalhau divino , acompanhado sempr de uma cerveja ou chopp gelado .",1,1,1,1,0,0,0,0
"no geral é um bom happi hour e restaurant , tem muita opçõ de bebida e vinho e os petisco são gostoso .",0,1,1,1,0,0,0,0
"lugar agradável , comida mto bem feita .",0,0,1,1,0,0,0,0
"um ótimo restaurant , não perd o padrão do coco bambu de fortaleza .",0,0,0,1,0,0,0,0
"lugar agradável para um lanch da tard com as amiga , comida de qualidad e ótimo atendimento .",0,0,1,1,0,0,0,1
"muito bom atendimento e pizza deliciosa , gostei muito do rodízio",0,0,1,0,0,0,0,1
custo benefício alto .,0,0,0,0,0,0,1,0
petisco excelent e cerveja mega geladaaa,0,1,1,0,0,0,0,0
"ambient agradável espetacular , excelent atendimento , comida maravilhosa , tradicion restaurant com comida típica .",1,0,1,1,0,0,0,1
ambient muito legal com musica boa ( rock leve ) e o hambúrguer também estava saboroso .,1,0,1,0,0,0,0,0
"cerveja muito gelada , coámida maravilhosa a banana frita sem comentário nossa tudo de bom .",0,1,1,0,0,0,0,0
"localizado em uma esquina com doi ambient , térreo e andar superior sem climatização , apena com auxílio de ventilador .",1,0,0,0,0,0,0,0
"os atendent são super atencioso e tem o melhor valor de bebida de manau , já que uma coca de 1 l custa 3,00 ?",0,0,0,0,0,0,1,1
"local super agradável , atendimento muito bom , porçõ muito gostosa .",0,0,0,1,0,0,0,1
"estão de parabén , além de um atendimento excelent pelo garçom filip faria e ambient agradável , os prato com camarão são mravilhoso , e recomendo pedirem a torta trufada .",0,0,1,0,0,0,0,1
"excelent e agradável local para reunir , tomar um café e comer o melhor pão da cidad !",0,0,1,1,0,0,0,0
ótimo lugar,0,0,0,1,0,0,0,0
preço justo !,0,0,0,0,0,0,1,0
mai uma ótima opção em manau !,0,0,0,1,0,0,0,0
"ótimo lugar , atendimento maravilhoso !",0,0,0,1,0,0,0,1
ameeiii ... lugar cheio de lembrança do grand intelectuai dess estado ..,0,0,0,0,0,1,0,0
pão de qualidad ruim .,0,0,1,0,0,0,0,0
"ambient familiar , descontraído , ideal para levar a família , restaurant conta com um suculento bufe , os garçon são super educado , estacionamento amplo , bem localizado , comodidad na forma de pagamento e ambient espaçoso .",1,0,1,0,1,0,0,1
ambient rústico com vista para o teatro amazona .,1,0,0,0,0,0,0,0
"custo benefício ótimo , preço justo .",0,0,0,0,0,0,1,0
"de prato princip foi arroz com camarão , pirarucu defumado e tomat .",0,0,1,0,0,0,0,0
"lugar super aconchegant , em ótima localização , serviço de manobrista .. buffet variado e rodízio com carn varia",1,0,1,0,1,0,0,0
mantém um boa tradição do churrasco,0,0,1,0,0,0,0,0
"chegando já deparei com um estacionamento amplo , o ambient é bastant region caboclo , com mesa e cadeira de madeira , super decorado com imagen de animai silvestr , o cardápio e bastant variado , local limpo e bastant ventilado , vale a pena ir com a família e amigo .",1,0,1,0,1,0,0,0
uma da melhor pizzaria de manau,0,0,0,1,0,0,0,0
muito bom atendimento do garçom fernando e ótima comida ! ! !,0,0,1,0,0,0,0,1
"o restaurant a comida ótima , arejado , bebida gelada .",0,1,1,0,0,0,0,0
"excelent comida , bom preço , prato variado e ótimo atendimento .",0,0,1,0,0,0,1,1
ótimo lugar para quem busca a experiência e delícia da culinária italiana .,0,0,1,0,0,0,0,0
receptividad é um do ponto mai fort daqui !,0,0,0,0,0,0,0,1
"ambient agradável , pé direito alto , situa-s no segundo andar do prédio .",1,0,0,0,0,0,0,0
"( tradução do googl ) bar tradicion no centro de manau , a pouco passo do teatro , preço acessível de bebida ( origin ) bar tradicion en el centro de manau , a poco paso del teatro , precio acces de la bebida",0,0,0,1,0,0,1,0
"ambient agradável , comida deliciosa e atendimento excelent .",1,0,1,0,0,0,0,1
"área kid , ambient climatizado e o melhor peix da cidad por um preço justo !",1,0,1,0,0,0,1,0
uma boa opção .,0,0,0,1,0,0,0,0
"melhor opção de comida portuguesa sofisticada , com preço extremament salgado , porém , tudo impecável , atendimento , sabor e experiência .",0,0,1,0,0,0,1,0
"uma boa pedida é o cordeiro , muito bom !",0,0,1,0,0,0,0,0
"musica boa , ambient bom , gent descontraída , bacana .",1,0,0,0,0,0,0,0
ótimo atendimento .,0,0,0,0,0,0,0,1
"comida boa , lugar agradável , bom atendimento , brinquedoteca , vale a pena ir .",0,0,1,1,0,0,0,1
além da banana frita deliciosa .,0,0,1,0,0,0,0,0
"local agradável , com uma culinária region saborosa e requintada .",0,0,1,1,0,0,0,0
"no atendeu sa melhor forma , me serviu um peix que eu ... mai",0,0,0,0,0,0,0,1
"ambient ótimo , jantar delicioso e atendimento super agradável pelo garçom bruno em conjunto com o ricardo , voltarei e espero ser atendida por ele novament .",1,0,0,0,0,0,0,1
"é um local sensacion , ambient calmo e tranquilo .",1,0,0,1,0,0,0,0
"ótimo ambient , total respeito as norma de segurança por conta da pandemia , comida de boa qualidad com um preço justo .",1,0,1,0,0,0,1,0
"restaurant confortável , amplo , decoração de bom gosto , ar condicionado perfeito , música ao vivo discreta , muito bon serviço de maitr e garçon .",1,0,0,1,0,0,0,1
"poderia ter um preço mai acessívei , e isso seria de forma simpl : tendo como opção tapioca menor ou individuai .",0,0,1,0,0,0,1,0
grand variedad .,0,0,1,0,0,0,0,0
"se eu tivess que pedir um último pedido de refeição , seria o cachorro quent envolto em carn de porco .",0,0,1,0,0,0,0,0
excelent opção !,0,0,0,1,0,0,0,0
ótimo bar ond se encontra um boa cerveja gelada e ótimo pagod ..,1,1,0,1,0,0,0,0
para os ribeirinho amazônico ‘ banzeiro ’ é a agitação da água feita pelo vento .,0,0,0,0,0,1,0,0
"muito bom , ambient familiar .",1,0,0,0,0,0,0,0
estar em manau e não desfrutar do sabor do alentejo é quas uma heresia ! ! !,0,0,0,1,0,0,0,0
delicioso tambaqui com pirão e farofa com banana .,0,0,1,0,0,0,0,0
"o café region priscila é uma excelent opção para quem quer uma refeição diversificada , poi lá você muita comida típica : tapioca de vário sabor , bolo diverso - vale a pena conferir o bolo de aimpim com cobertura de calda de cupuaçu .",0,0,1,0,0,0,0,0
"excelent restaurant , ótimo preço e ambient bacana .",1,0,0,1,0,0,0,1
loval familiar e muito agradável,0,0,0,1,0,0,0,0
é uma restaurant que possui doi ambient um mai tradicion puxando pra cozinha portuguesa e outro mai moderno !,1,0,0,0,0,0,0,0
o chop caseiro é bom ma o atendimento deixa a desejar .,0,1,0,0,0,0,0,1
"cerveja geladissima , bom atendimento , ótimo preço e cardápio variado , ambient climatizado .",1,1,1,0,0,0,1,1
comida muito boa atendimento bom e rápido .,0,0,1,0,0,0,0,1
"presencialment , nunca passei por uma experiência ruim lá .",0,0,0,1,0,0,0,0
há ano com a melhor carn de sol de manau .,0,0,1,0,0,0,0,0
"pizza boa , preço bom , playground para as criança .",1,0,1,0,0,0,1,0
preço acessívei .,0,0,0,0,0,0,1,0
cardápio com preço muito honesto vale conferir o brigadeiro de peix não esquec de curtir um sup ! !,1,0,1,0,0,0,1,0
"ótimo atendimento , comida gostosa , ambient aconchegant .",1,0,1,0,0,0,0,1
"tem um ótimo atendimento e uma comida excelent , ambient agradável um bom lugar para comemorar algo especi .",1,0,1,0,0,0,0,1
lugar agradável para um bom papo e cerveja gelada !,0,1,0,1,0,0,0,0
ambient adequado .,1,0,0,0,0,0,0,0
foi boa ... só precisam trocar os monitor que ainda são tv 's de tubo ... fora isso tudo bom .. atendimento excelent bom preço e bem climatizado .,1,0,0,0,0,0,1,1
"muito boa surpresa em serviço , comida region muito boa , lugar extremament agradável e muito bom serviço , com o pessoal muito prestativo e atencioso ... muito bom vale a pena ir .",1,0,1,1,0,0,0,1
preço justo .,0,0,0,0,0,0,1,0
"boa qualidad da comida e bom atendimento , porém os preço são alto .",0,0,1,0,0,0,1,1
o restaurant ainda não adicion grand part do iten popular do amazona no cardápio preferindo manter o que toda as franquia possuem .,0,0,0,0,0,1,0,0
lugar aconchegant .,1,0,0,0,0,0,0,0
"sopei da régio amazônica são uma maravilha e nest restaurant prepararam de forma especi , apesar de eu ter gostado muito também de outro restaurant bem simplezinho perto do rio negro .",0,0,1,0,0,0,0,0
lugar otimo e agradável .,0,0,0,1,0,0,0,0
melhor opção de gastronomia japonesa na cidad de manau não tem igual toda minha familia ador magnifico ! ! !,0,0,1,1,0,0,0,0
aí o rapaz me inform que deveria falar com o dono .. aí o dono autoriz mediant uma quantia de 35 reai .... afff estava de palhaçada se foss por um preço razoável pagaria sem problema .,0,0,0,0,0,0,1,0
"lugar muito bom para ir com a família , de toda as veze que já fui foram experiência incrívei .",0,0,0,1,0,0,0,0
"a comida excelent , ma já não se pode dizer o mesmo da recepção , que pelo ocorrido escolhem a vista quem desejam atend de bom grado .",0,0,1,0,0,0,0,1
excelent atendimento eu e minha família fomo muito bem atendido parabén a recepção tive um ótimo atendimento pelo garson bruno comida maravilhosa e ainda tivemo uma mesa ótima escolhida pela recepcionista joici que também está de parabén obrigado coco bambu ...,0,0,0,0,0,0,0,1
"muito interessant a decoração temática , fora o sabor que é surpreendent .",1,0,1,0,0,0,0,0
"quas sempr , a comida servida é de excelent qualidad , porém a quantidad de carn que é servida no prato é muito pouca .",0,0,1,0,0,0,0,0
"a comida dest local é muito boa , com preço um pouco salgado .",0,0,1,0,0,0,1,0
"local amplo , cafe bom .",1,1,0,0,0,0,0,0
"a língua bovina deu um toqu todo especi , muito macia e sabor inigualável .",0,0,1,0,0,0,0,0
"ótimo atendimento desd a entrada , do garçon erick ... mamma mia casa de rodízio está de parabén , ambient muito agradável ?",1,0,1,0,0,0,0,1
ambient agradável com o melhor da culinária peruana e local .,1,0,1,0,0,0,0,0
"um ambient super agradável , com atendimento excelent e a comida muito saborosa .",1,0,1,0,0,0,0,1
a piscina para criança imprópria para o banho .,1,0,0,0,0,0,0,0
ótimo lugar e comida deliciosa !,0,0,1,1,0,0,0,0
"ótimo ambient , comida deliciosa , cerveja gelada e o atendimento fantástico do izaquiel , sempr atencioso e com ótima dica ! !",1,1,1,0,0,0,0,1
excelent atendimento .,0,0,0,0,0,0,0,1
"comida de boa qualidad , ótimo atendimento ambient muito agradável !",1,0,1,0,0,0,0,1
"excelent bar com boa música , porem o atendimento é um pouco demorado e o local é bem apertado",1,0,0,0,0,0,0,1
para os ribeirinho amazônico ‘ banzeiro ’ é a agitação da água feita pelo vento .,0,0,0,0,0,1,0,0
"uma variedad de doce , ambient gostoso , iluminação agradável , atendimento nota 10 .",1,0,1,0,0,0,0,1
"ótimo produto , maravilhoso ! ! !",0,0,1,0,0,0,0,0
"o clima é super agradável , recomendo tanto pra encontro em família ou a doi .",1,0,0,1,0,0,0,0
peix maraviloso atendimento muito bom perfeito ambient confortavel bom para festejo com a familia e o preco vale a pena ir degustar do peix amazonico,1,0,1,0,0,0,0,1
lugar bom pra tomar uma cerva no estilo canela de pedreiro ! ! !,0,1,0,0,0,0,0,0
lugar muito agradável .,0,0,0,1,0,0,0,0
"local aconchegant , comida saborosa e o atendimento do sr frança excelent .",1,0,1,0,0,0,0,1
"festa temática , ótima comida e claro , atendimento 100 % obrigado pela vivência .",1,0,1,0,0,0,0,1
ótimo local pra se divertir,0,0,0,1,0,0,0,0
excelent café region em manau .,0,1,0,0,0,0,0,0
meu café preferido com o melhor pão de queijo de manau e atendimento maravilhoso,0,0,1,0,0,0,0,1
muito bom o local boa comida,0,0,1,1,0,0,0,0
"melhor bar de manau , atendimento nota 10000",0,0,0,1,0,0,0,1
"tudo é muito gostoso , porçõ bem servida , a carn ainda não fui em nenhum lugar , em manau , que tivess igual , bem suculenta , macia , de primeira qualidad .",0,0,1,0,0,0,0,0
"péssimo antendimento , mai de 30 minuto esperando atendimento , garçon jogando nossa mesa un para os outro .",0,0,0,0,0,0,0,1
linha de massa com farinha italiana e fermentação natur excelent ... bom preço e sabor sensacion,0,0,1,0,0,0,1,0
excelent ambient .,1,0,0,0,0,0,0,0
ess lugar é o melhor custo benefício .,0,0,0,0,0,0,1,0
não tinha variedad de carn branca .,0,0,1,0,0,0,0,0
bom atendimento .,0,0,0,0,0,0,0,1
boa comida e um bom preço,0,0,1,0,0,0,1,0
excelent atendimento .,0,0,0,0,0,0,0,1
perfeito ... preço atrativo e comida de qualidad além de um ótimo atendimento ..,0,0,1,0,0,0,1,1
"restaurant muito bom , comida maravilhosa , ótimo atendimento , possui estacionamento próprio e tem o preço bom para o nível do restaurant .",0,0,1,1,1,0,1,1
caldinho de peix também muito gostoso !,0,0,1,0,0,0,0,0
peix pirarucu com banana e queijo e sobremesa banana amazônica .,0,0,1,0,0,0,0,0
local muito agradável com música boa,1,0,0,1,0,0,0,0
"existem pizzaria com melhor custo beneficio em manau , o que justificaria o preço seria a suposta qualidad , que não se mantém .",0,0,0,0,0,0,1,0
"ótimo ambient , comida bem saborosa , porém há ponto a serem melhorado , como por exemplo : o pedido de outra mesa foram servido mai rápido que a nossa e ao final , a nossa embalagem para viagen foi trocada e só percebemo quando chegamo em casa !",1,0,1,0,0,0,0,1
"lugar simpl , ma satisfatório .",0,0,0,1,0,0,0,0
"excelent atendimento e o princip , pizza exageradament saborosa !",0,0,1,0,0,0,0,1
"atendimento muito , comida com ótimo sabor !",0,0,1,0,0,0,0,1
"tradicion , ambient agradável , e único a vender um filé alto .",1,0,1,0,0,0,0,0
"boa carn , bon acompanhamento e preço normal para manau .",0,0,1,0,0,0,1,0
"ótimo lugar para reunir a família é os amigo , para comer aquela deliciosa pizza , super indico .",0,0,1,1,0,0,0,0
a melhor carn de sol de manau .,0,0,1,0,0,0,0,0
"ambient agradável com ar refigerado ( importantíssimo nesta cidad ) , decoração com motivo amazônico .",1,0,0,0,0,0,0,0
"40min de espera , estress , calor , carn queimada , valor abusivo para o serviço que é prestado , cheguei a tentar cancelar por vária veze ma sempr pediam desculpa e diziam q meu pedindo estava vindo , achei um descaso total , mentem na lata do client .",1,0,1,0,0,0,1,1
cardápio muito bom !,0,0,1,0,0,0,0,0
só demorei um pouco pra conseguir pagar ma fora isso foi uma boa experiência .,0,0,0,1,0,0,0,1
"melhor buffet sem igual , variedad e um ambient aconchegant !",1,0,1,0,0,0,0,0
"ambient bem familiar , ótimo atendimento , cardápio eclético e excelent rodízio",1,0,1,0,0,0,0,1
"muito bom , cerveja geladinha e vário petisco",0,1,1,0,0,0,0,0
"energia muito boa e ótimo pra curtir um bom som , amigo ou família , tomar banho de rio ... tudo pra ter um ótimo dia no rio negro .",1,0,0,1,0,0,0,0
"amei , ótimo ambient para confraternizaçõ !",1,0,0,0,0,0,0,0
"o tambaqui assado é a sua melhor pedida , o melhor peix amazônico é servido de forma assado , com condimento regionai , excelent tempero ... mai",0,0,1,0,0,0,0,0
"bom ambient e boa comida , preço acessível .",1,0,1,0,0,0,1,0
local ruim pra estacionar,0,0,0,0,1,0,0,0
"restaurant temático , ótima música , pizza deliciosa e preço justo .",1,0,1,1,0,0,1,0
"lugar aconchegant , bem servido , muito agradável .",1,0,0,0,0,0,0,1
"foram bon momento em um excelent restaurant , com um atendimento perfeito e um cardápio delicioso ?",0,0,1,1,0,0,0,1
excelent rodízio de massa,0,0,1,0,0,0,0,0
"atendimento excelent , comida deliciosa , e preço acessível .",0,0,1,0,0,0,1,1
café muito bom .,0,1,0,0,0,0,0,0
"comida gostosa , ma um pouco demorado",0,0,1,0,0,0,0,1
lugar agradável porém difícil arrumar um estacionamento no horário do almoço no dia útei aceitam o ticket alimentação,0,0,0,1,1,0,0,0
"extremament recomendo , definitivament um do melhor lugar para se almoçar ou jantar em manau .",0,0,0,1,0,0,0,0
ótimo ambient e variedad de sopa .,1,0,1,0,0,0,0,0
"ambient agradável e bom atendimento , especialment o rapaz sauro",1,0,0,0,0,0,0,1
"ótimo local , ambient familiar .",1,0,0,1,0,0,0,0
sempr perfeito boa comida bom atendimento é bom preço ambient super agradável estacionamento facil,0,0,1,0,1,0,1,1
um lugar muito bom para almoço principalment ao sábado ... tem uma feijoada daquela ... cerveja muito gelada .,0,1,1,1,0,0,0,0
pedimo o pirarucu ao molho de shimeji com arroz negro e pure de mandioquinha .,0,0,1,0,0,0,0,0
lugar agradável .,0,0,0,1,0,0,0,0
"comida razoável , caro para o que oferec .",0,0,1,0,0,0,1,0
the fri are n't much definit not worth 10 dollar,0,0,0,0,0,1,0,0
"comida deliciosa , variedad de prato quent e salada , bom preço , atendimento maravilhoso , banheiro limpinho , ar condicionado 2 ambient .",1,0,1,0,0,0,1,1
"serv bem , boa mesa",0,0,0,0,0,0,0,1
comida maravilhosa !,0,0,1,0,0,0,0,0
um ambient top com atendimento de primeira e com prato de fruto do mar delicioso acompanhado com um bom vinho,1,1,1,0,0,0,0,1
local agradável e de fácil acesso .,0,0,0,1,1,0,0,0
"comida boa , lugar agradável ?",0,0,1,1,0,0,0,0
"espero , numa próxima oportunidad , reecontrá-lo promovido em sua tarefa , poi todo têm potenci para essa chanc ... mai",0,0,0,0,0,1,0,0
ambient agradável .,1,0,0,0,0,0,0,0
atendimento excelent e preço super acessível,0,0,0,0,0,0,1,1
"ambient agradável e atendimento cordial , ja os preço são muito caro .",1,0,0,0,0,0,1,1
considero um excelent centro gastronômico pela diversidad de prato e sobremesa ofertado .,0,0,1,1,0,0,0,0
um do melhor restaurant requintado de manau !,0,0,0,1,0,0,0,0
"comida boa , porém pagar por uma vela de aniversário é surreal .",0,0,1,0,0,0,1,0
solicitei cebola extra e o estabelecimento atendeu meu pedido .,0,0,0,0,0,0,0,1
"ambient incrível , e o melhor da culinária portuguesa e argentina , incluindo uma excelent carta de vinho .",1,1,1,0,0,0,0,0
flutuant com uma vista incrível para o pôr do sol ... sempr quando posso estou no abaré recarregando as minha energia ! ! !,1,0,0,0,0,0,0,0
"comida excelent , porém o atendimento pó covid me surpreendeu ( não sei se era garcon novato ) enfim não tive uma boa experiência , não me senti tendo o padrão de atendimento pelo qual paguei .",0,0,1,0,0,0,0,1
atendimento impecável .,0,0,0,0,0,0,0,1
na quinta pizza em dobro e na quarta toda as pizza num valor fixo .,0,0,0,0,0,1,0,0
ambient fantástico e familiar ... super recomendo,1,0,0,1,0,0,0,0
flutuant fantástico e uma peixada inabalável,0,0,1,1,0,0,0,0
a chefe debora shornik conseguiu reinterpretar de forma sutil a diversidad do sabor amazonico .,0,0,1,0,0,0,0,0
"clima agradavel , e muita gent bonita",1,0,0,0,0,0,0,0
"minha sugestão de prato é : a entrada de dadinho de tapioca , e como prato princip o lombo premium de tambaqui !",0,0,1,0,0,0,0,0
pela 2° vez que estiv foi decepção total .,0,0,0,1,0,0,0,0
experiência gastronômica de primeira .,0,0,1,0,0,0,0,0
"os produto da torta & torta são delicioso e de boa qualidad , o preço é que é um pouco elevado , no entanto , ainda não encontrei em outro lugar uma torta de limão como a de lá .",0,0,1,0,0,0,1,0
"ótimo , comida gostosa , ambient tranquilo e atendimento nota 1000",1,0,1,0,0,0,0,1
dessa forma tenho um preço igual para um produto menor .,0,0,0,0,0,0,1,0
uma experiência maravilhosa pra quem deseja conhec um pouco da cozinha mexicana .,0,0,1,0,0,0,0,0
"molho espetacular , preço justo e bom atendimento .",0,0,1,0,0,0,1,1
ótimo custo benefício .,0,0,0,0,0,0,1,0
"excelent opção gastronômica e para quem gosta de cerveja artesanai , tem alguma com o rótulo do próprio dedé , nest dia destaco o atendimento da funcionária eliana que nossa atendeu com muita eficiência e simpatia , inclus quando percebeu que o queijo coalho estava queimado embaixo trocou ... mai",0,1,1,0,0,0,0,1
valeu pela ida ao bufalo pela variedad de carn e acompanhamento alem do preco ser muito bom,0,0,1,0,0,0,1,0
"infelizment não se pode dizer o mesmo do carro chefe da casa , o camarão internacion não é mai o mesmo , pouquíssimo camarõ , ao contrário do que era no incio .",0,0,1,0,0,0,0,0
"uma delícia , recomendo essa opção de prato , ma ela é mai para os amant de queijo .",0,0,1,0,0,0,0,0
"um lugar muito bom , com um ótimo atendimento .",0,0,0,1,0,0,0,1
"não tem boa qualidad , atendimento bagunçado !",0,0,0,0,0,0,0,1
cafe expresso delicioso !,0,1,0,0,0,0,0,0
"ótimo prato , comida e ambient muito bon , atendimento eficient , garçom ricardo josé super atencioso e educado",1,0,1,0,0,0,0,1
o melhor açai que já comi é muito lanch saboroso !,0,0,1,0,0,0,0,0
cerveja bem gelada !,0,1,0,0,0,0,0,0
"comida ótima com um bom preço , e um ótimo atendimento .",0,0,1,0,0,0,1,1
no valor do rodízio estão incluso as bebida ( suco naturai e refrigerant ) .,0,0,0,0,0,1,0,0
o melhor lugar pra tomar um café region !,0,1,0,0,0,0,0,0
"comida muito boa , ambient rústico e muito agradável , ótima pedida pra happi hour , às veze deixa a desejar no atendimento .",1,0,1,0,0,0,0,1
josé gregório excelent ! ! !,0,0,0,0,0,0,0,1
único problema é o barulho .,1,0,0,0,0,0,0,0
"excelent atendimento , culinária impecável , ambient bonito , apesar de não ser climatizado o clima ambient é agradável , quanto ao preço .. , estão na média da peixaria de manau , com exceção da sobremesa que está fora da realidad , uma fatia de pudim a r $ 15 reai acho muito caro , sem contar que são pouca opçõ de sobremesa , um outro ponto que tenho que parabenizar é o fato de disponibilizarem um lugar agradável para aguardar enquanto não dispõem de mesa desocupada , muito bem organizado",1,0,1,0,0,0,1,1
"comida deliciosa , ambient agradável e funcionário atencioso",1,0,1,0,0,0,0,1
"pior picanha que ja comemo na vida , gosto horrível , ao provar a carn senti um gosto de plastico , com fumaça , impossível comer , pensei vou comer os acompanhamento , o pior tudo ruim , arroz , farofa , vinagret e maiones , só conseguimo botar a primeira colher na boca e ... não conseguimo mai comer .",0,0,1,0,0,0,0,0
fomo na unidad do shop manauara ... ambient excelent .,1,0,0,0,0,0,0,0
"minha irmã me levou a ess restaurant flutuant , que é um do nosso costum manauara .",0,0,0,0,0,1,0,0
atendimento péssimo,0,0,0,0,0,0,0,1
"experiência muito boa , pista e bola de bolich sem defeito , boa comida ... um bom lugar pra se divertir !",1,0,1,1,0,0,0,0
"preço justo , comida ótima .",0,0,1,0,0,0,1,0
ambient agradável e excelent atendimento !,1,0,0,0,0,0,0,1
"uma da melhor carn de picanha de manau , já comi em vário restaurant ma nada supera uma picanha deliciosa e suculenta do adolpho !",0,0,1,0,0,0,0,0
"excelent atendimento do rafael viera ambient bonito , musica prazerosa .",1,0,0,0,0,0,0,1
"espaçoso , ótimo atendimento , preço super acessível , ótimo serviço de rodízio !",0,0,0,0,0,0,1,1
"muito caro , porém , vale à pena gastar um pouco pelo ótimo ambient , localização e principalment a comida .",1,0,1,0,1,0,1,0
"simplesment um do melhor senão o melhor para comer um hambúrguer delicioso , ambient interno climatizado e externo arejado , estacionamento amplo e descoberto ( o que não faz a menor diferença ) , e o princip , os melhor hambúrguer da cidad de manau !",1,0,1,0,1,0,0,0
uma ótima opção de rodízio de carn !,0,0,1,0,0,0,0,0
experiência excelent !,0,0,0,1,0,0,0,0
servem um caldinho de peix de entrada maravilhoso .,0,0,1,0,0,0,0,0
o atendimento é excelent e o ambient animadíssimo ! ! !,1,0,0,0,0,0,0,1
preço justo !,0,0,0,0,0,0,1,0
ótimo restaurant .... comida region do amazona no capricho ! ! !,0,0,1,1,0,0,0,0
"local agradável , não faz calor , tem o ambient externo e o climatizado .",1,0,0,1,0,0,0,0
a comida é ótima e o preço muito bom !,0,0,1,0,0,0,1,0
"ótimo atendimento , e a comida muito boa ....",0,0,1,0,0,0,0,1
"pedi o pizzaiolo e a rede de pescador , muito bon , farto e saboroso !",0,0,1,0,0,0,0,0
"mto bom , local perfeito para conhec um café region em manau .",0,1,0,0,0,0,0,0
recomendo na foto lombo de tambaqui com farofa de bacon de pirarucu,0,0,1,0,0,0,0,0
lugar para você relaxar tomar aquela cerveja gelada comer aquel petisco de carn seca e comer aquel tambaqui assado na hora com a família ou amigo,0,1,1,0,0,0,0,0
"variedad em alimentação , lugar aconchegant e limpo , preço alto devido a grand variedad .",1,0,1,0,0,0,1,0
lugar maneiro ... ma kd o rock de quinta ? ?,0,0,0,1,0,0,0,0
"estão com ótima promoçõ e o happi hour bem tendencioso , além da música ao vivo !",1,0,0,0,0,0,1,0
"lugar otimo , atendimento excelent e comida maravilhosa .",0,0,1,1,0,0,0,1
"o abaré é uma ótima opção de laser para toda categoria de pessoa , família , amigo , etc , cerveja gelada , suco refrigerant , ótima comida e porçõ de petisco , local limpo para banho .",1,1,1,1,0,0,0,0
melhor churrascaria de manau .,0,0,0,1,0,0,0,0
muito agradável com um do melhor rodízio de sopa de manau,0,0,1,0,0,0,0,0
"com um estilo rústico e muito agradável , em uma excelent localização .",1,0,0,0,1,0,0,0
"barzinho situado em lindo casarão histórico , ambient descontraído e bem frequentado .",1,0,0,0,1,0,0,0
localização fenomen ao lado do teatro amazona no centro histórico dá cidad .,0,0,0,0,1,0,0,0
o banzeiro é um do melhor restaurant de comida típica de manau .,0,0,0,1,0,0,0,0
"ambient agradável , bom bacalhau e boa carta de vinho .",1,1,1,0,0,0,0,0
melhor culinária,0,0,1,0,0,0,0,0
"local agradável , confortável e com um ambient único , recomendo a todo .",1,0,0,1,0,0,0,0
mai uma vez ótimo ! !,0,0,0,1,0,0,0,0
"ambient bem climatizado , espaço kid amplo com monitora , atendimento rápido , todo são muito cordiai , destaqu para eduardo , muito atencioso , e davi , super engraçado ! ! !",1,0,0,0,0,0,0,1
"local lindíssimo , atendimento excelent , organizado e comida saborosa .",1,0,1,0,0,0,0,1
serviço muito correto e preço justíssimo .,0,0,0,0,0,0,1,1
"melhor restaurant de manau , ótimo atendimento lugar climatizado limpo ótima comida peix fresquinho maravilhoso ...",1,0,1,1,0,0,0,1
"ela está present em dezena de prato doce e salgado , do café da manhã ao jantar , e no banzeiro a fruta aparec em forma de um delicado creme , maçaricado ao estilo brullè e pode ser acompanhado com sorvet de cumaru , a baunilha amazônica .",0,0,1,0,0,0,0,0
bom atendimento e comida deliciosa !,0,0,1,0,0,0,0,1
"atendimento excelent , todo muito simpático e atencioso , tem preço justo e a carn é bem saborosa , assim como as porçõ .",0,0,1,0,0,0,1,1
"excelent atendimento , está de parabén a senhora ketherin .",0,0,0,0,0,0,0,1
"super recomendo o vatapá é maravilhoso , atendimento super atencioso e a comida saí rapidinho , ótimo para quem está com pressa na hora do almoço !",0,0,1,0,0,0,0,1
baião com tempero único .,0,0,1,0,0,0,0,0
excelent atendimento,0,0,0,0,0,0,0,1
"tem um senhor , sempr de preto , um japonê , que trabalha lá , um senhor muito educado ,",0,0,0,0,0,0,0,1
"porém , algun ponto precisam ser observado : a feijoada , carro-chef do fd do bar , servida em estilo buffet por r $ 39,90 , não estava numa boa temperatura , simplesment tava do normal para o frio .",0,0,1,0,0,0,0,0
"ambient agradável , boa musica e com cardápio para agradar qualquer paladar .",1,0,1,0,0,0,0,0
"decoração temática com móvei , brinquedo , objeto antigo e muita guitarra tudo isso somado a um bom atendimento .",1,0,0,0,0,0,0,1
a unica coisa que não gostei é que o banheiro masculino fica no piso superior .,1,0,0,0,0,0,0,0
"o ambient é um casarão antigo do ciclo da borracha , com a vista pro poético teatro amazona .",1,0,0,0,0,0,0,0
"ou substitui a opção vegetariana ou aumenta a qualidad dela : risoto c vegetai cortado em pedaço grand , inadequado , a meu ver , p um risoto ; e muito queijo ou queijo integrado ao prato de maneira inadequada , o q ocasion um 'grude ' incovenient .",0,0,1,0,0,0,0,0
"sugestão : molho a base de mel e lima o para o queijo assado , cebola caramelizada acompanhando a tabua da picanha , porçõ de pastéi , salgado , bolinho frito no cardápio de entrada também seria uma boa .",0,0,1,0,0,0,0,0
"cerveja estupidament gelada , petisco de primeira e ótima opçõ pra quem gosta de variedad de cerveja .",0,1,1,0,0,0,0,0
boa carta de vinho .,0,1,0,0,0,0,0,0
"prove na entrada formiga saúva com purê de mandioquinha , e na saída muss de cupuaçu .",0,0,1,0,0,0,0,0
lugar climatizado com variedad no cardápio e com rodízio de massa e pastéi a preço justo .,1,0,1,0,0,0,1,0
"ambient muito agradavel , tanto no shop como no park 10. comida excelent e bebida bem gelada , vale a pena visitar .",1,1,1,1,0,0,0,0
"ambient acolhedor , com iluminação no ponto certo .",1,0,0,0,0,0,0,0
"o restaurant tem um espaço aconchegant , agradável , equilibrando o rústico com ... mai",1,0,0,0,0,0,0,0
indico com certeza muito gentil e cordial,0,0,0,1,0,0,0,0
"boa experiência gourmet , com.prato e drink bem elaborado , destaqu para os camarõ",0,1,1,0,0,0,0,0
ambient super agradável com uma vista linda para o teatro .,1,0,0,0,0,0,0,0
"local bonito , bem frequentado , preço médio , comida gostosa e quantidad acessível , ma as veze demora ?",1,0,1,0,0,0,1,1
tem ambient descontraído com música e um empório com varia produto .,1,0,1,0,0,0,0,0
"do prato o único que ficou a desejar foi o picadinho coco bambu , infelizment prato sem graça , sem sal , e sem vida kkkkkkk .",0,0,1,0,0,0,0,0
"o restaurant tem um excelent menu de especialidad portuguesa e uma variada carta de vinho , além de um ambient agradável .",1,1,1,0,0,0,0,0
"lugar sensacion : ambient super agradável , preço justo e comida deliciosa !",1,0,1,1,0,0,1,0
atentimento exelent !,0,0,0,0,0,0,0,1
a partir de indicação daqui decidimo por um restô portuguê e não poderia ser melhor .,0,0,0,1,0,0,0,0
"o atendimento é muito bom , o sistema da casa é self servic , no entanto você paga um valor único e come a vontad .",0,0,0,0,0,0,1,1
"atendimento excelent , sabe conversar e no manter confortávei .",0,0,0,0,0,0,0,1
"comida excelent , cerveja gelada .",0,1,1,0,0,0,0,0
ambient família e bem climatizado .,1,0,0,0,0,0,0,0
"parabén à equip pelo excelent trabalho , voltarei e recomendarei .",0,0,0,0,0,0,0,1
excelent opção para conhec a culinária region .,0,0,1,1,0,0,0,0
restaurant acolhedor preço convidativo .,0,0,0,1,0,0,1,0
"boa variedad de carn nobr e ótimo acompanhamento , atendimento rápido ..",0,0,1,0,0,0,0,1
"excelent restaurant , conheço a casa de manau , não deve nada na qualidad do produto , ótimo prato e um excelent atendimento .",0,0,1,1,0,0,0,1
o preço baixo e estrutura boa atrai bastant client deixando o espaço super lotado .,1,0,0,0,0,0,1,0
local agradável e gostei do atendimento .,0,0,0,1,0,0,0,1
"brinquedoteca modesta , ma criança se divert e tem cuidadora .",1,0,0,0,0,0,0,0
"comida fria e sem sabor , feijão duro , bife menor que ovo tipo c e sem tempero .",0,0,1,0,0,0,0,0
boa comida com bom preço .,0,0,1,0,0,0,1,0
"melhor garçom era um tatuado , gent boa .",0,0,0,0,0,0,0,1
"já fui em muito restaurant , até mesmo os de baixo nível , ma sincerament isso é chato , ir em um restaurant de alto nível e encontrar um tapuru no arroz , um amigo até coment sobr essa situação que tinha acontecido com ele recentement , tentei até relevar ... mai",0,0,1,0,0,0,0,0
comida deliciosa !,0,0,1,0,0,0,0,0
"o local é simpl e fica numa garagem bem grand , tem o portão da garagem até .",1,0,0,1,0,0,0,0
"a convit de amigo , fui ao choupana e fui surpreendida com o ambient rústico , ma muito agradável .",1,0,0,0,0,0,0,0
"tbem amei as exposiço de coisa antiga , e o sino , achei super diferent e legal .",1,0,0,0,0,0,0,0
"carn saborosa , porem não em alta quantidad como eu esperava pelo preço cobrado .",0,0,1,0,0,0,1,0
foi realment uma experiência maravilhosa .,0,0,0,1,0,0,0,0
"pizza muito boa , é gostei do atendimento .",0,0,1,0,0,0,0,1
pessimo local pequeno passei hora esperando,1,0,0,1,0,0,0,1
"o melhor café de manau , atendent incrívei , eu amo muito tudo ...",0,1,0,1,0,0,0,1
"ótimo espaço familiar com atendimento de primeira , principalment com o bruno que é excelent anfitrião , dando toda atenção necessária .",1,0,0,0,0,0,0,1
"ótimo ambient , decoração em harmonia com iten do café , ótima recepção , cardápio diversificado e preço acessível .",1,0,1,0,0,0,1,1
"gostei muito do lugar , é bem agradável , e a comida é muito boa , otimo atendimento do sauro .",0,0,1,1,0,0,0,1
"lugar simpl e que serv uma comida maravilhosa , comida típica da culinária paraens .",0,0,1,1,0,0,0,0
"lugar agradável , comida deliciosa , atendimento de primeira ( recomendo procurar o marcelo ou gabriel ) , preço razoável .",0,0,1,1,0,0,1,1
"ótima comida , ambient agradavel",1,0,1,0,0,0,0,0
"atendimento excelent , variedad de sabor , ambient agradável ?",1,0,1,0,0,0,0,1
"fora que os artista fazem um pequeno show maravilhoso , entretendo toda a família .",1,0,0,0,0,0,0,0
"serv cerveja gelada , caipirinha e outra .",0,1,0,0,0,0,0,0
"ambient maravilhoso , garçon ótimo , som ao vivo e a comida impecável .",1,0,1,0,0,0,0,1
"marcela foi super atenciosa < 3 petisco delicioso e no tempo , e as bebida pra acompanhar ?",0,0,1,0,0,0,0,1
o ponto positivo não demor muito pedido .,0,0,0,0,0,0,0,1
ambient e prato ótimo,1,0,1,0,0,0,0,0
"muito bom o local , ambient familiar .",1,0,0,1,0,0,0,0
possui uma ótima carta de vinho .,0,1,0,0,0,0,0,0
"òtima opção para sair entr amigo , família e casal ... o ambient oferec área climatizada e ao ar livr , variado tipo de comida no cardápio , por varia veze vou a cachassaria do dede ao finai de semana para saborear o melhor escondidinho do dedé de manau ... mai",1,0,1,1,0,0,0,0
na minha opinião o melhor restaurant contemporâneo de manau .,0,0,0,1,0,0,0,0
lugar maravilhoso,0,0,0,1,0,0,0,0
gostamo de todo e recomendamo para casai que curtem boa comida e ... mai,0,0,1,0,0,0,0,0
"excelent atendimento do rafael vieira , lugar maravilhoso e aconchegant .",1,0,0,1,0,0,0,1
ar condicionado local perfeito .,1,0,0,0,0,0,0,0
"ótimo lugar para ir com a família , bom atendimento , variedad de lanch , sorvet bebida e drink .",0,1,1,1,0,0,0,1
música de qualidade=pop rock .,1,0,0,0,0,0,0,0
"padrão de atendimento altíssimo , rarament vc levanta a mão sem ser visto , garçon bem treinado e educado , barmen e bargirl do loung muito simpático , comida muito gostosa , bem feita , chega sempr quent à mesa , as veze as bebida demoram um pouco no horário de happi hour , ma posso entend motivo , com 50 % de desconto na bebida a demanda aumenta .",0,0,1,0,0,0,0,1
foi ótimo boa comida e bom atendimento .,0,0,1,0,0,0,0,1
muita opçõ e ambient agradável ! ! !,1,0,0,0,0,0,0,0
"comida boa , ma custo benefício não vale mt a pena",0,0,1,0,0,0,1,0
"pedi o pirarucu com banana e queijo coalho , e experimentei o camarão na manteiga !",0,0,1,0,0,0,0,0
"estacionamento próprio , comida deliciosa , o camarão empanado é muito crocant ! !",0,0,1,0,1,0,0,0
comida region amazonens muito boa .,0,0,1,0,0,0,0,0
"ambient muito agradável , espaço amplo e bom atendimento .",1,0,0,0,0,0,0,1
rodízio de pizza muito bom !,0,0,1,0,0,0,0,0
"ótimo ambient super recomendo lugar bastant agradável uma boa opção para fazer um jantar , uma experiência inesquecível parabén ! ! ! ! ! ! ! !",1,0,0,1,0,0,0,0
"boa opção para café da manhã , bem localizado , preço bom , comida boa com diversa opçõ .",0,0,1,0,1,0,1,0
"excelent opção no café , almoço ou brunch ! ! !",0,0,0,1,0,0,0,0
ótimo preço !,0,0,0,0,0,0,1,0
"lembro-m era dia da mãe e eu sair chateado coma cena que presenciei , enfim tirando isso , bom trabalho , tudo tão gostoso , matei a saudad da comida do nort",0,0,1,0,0,0,0,0
"pelo meno , na minha experiência , a única opção de carn gorda ( carn suculenta ) era costela , e mesmo assim estava bem seca ( ressecada e borrachuda ) .",0,0,1,0,0,0,0,0
melhor banda de tambaqui de manau ! !,0,0,1,0,0,0,0,0
pizza e pastéi bon porém lugar muito barulhento e desorganizado .,1,0,1,0,0,0,0,0
ótimo atendimento .,0,0,0,0,0,0,0,1
"local ideal para tomar banho de rio , comer bem e relaxar .",1,0,1,0,0,0,0,0
lugar incrível para se divertir com amigo,0,0,0,1,0,0,0,0
ótimo café !,0,1,0,0,0,0,0,0
cachaça e cerveja muito boa .,0,1,0,0,0,0,0,0
saudad meu combo predileto ?,0,0,1,0,0,0,0,0
manau tem um excelent restaurant portuguê com um divino bacalhau .,0,0,1,1,0,0,0,0
para os ribeirinho amazônico ‘ banzeiro ’ é a agitação da água feita pelo vento .,0,0,0,0,0,1,0,0
"restaurant com ambient agradável , eu e meu esposo comemo de entrada o tacacá ( muito caro , ma pedimo poi não tive a oportunidad de experimentar em outro lugar ) , achei o prato muito azedo , ma isso é questão de gosto e não culpa do restaurant e de ... mai",1,0,1,0,0,0,0,0
adalberto blanca foi uma ótima pessoa,0,0,0,0,0,0,0,1
"muito bom o sabor do peix , arroz com jambú bem preparado , excelent atendimento e preço bom .",0,0,1,0,0,0,1,1
fui na quinta feira e havia um pianista tocando ao vivo no almoço .,0,0,0,0,0,1,0,0
restaurant de muito bom gosto e carn maravilhosa .,0,0,1,1,0,0,0,0
"moquém , significa assado na brasa ou churrasqueira em linguagem indígena e banzeiro , é um termo da região utilizado para expressar uma onda pequena , ao fato que , a água do rio não produz onda fort como a do mar .",0,0,0,0,0,1,0,0
"atendimento de primeira , e preço bom .",0,0,0,0,0,0,1,1
doce delicioso,0,0,1,0,0,0,0,0
"lugar tranquilo , música boa , garçom mauro muito atencioso , gent boa e sempr traz o nosso chopp bem geladinho ! !",1,1,0,1,0,0,0,1
"tudo muito maravilhoso , área kid muito boa , as pizza demoraram um pouco , ma o eduardo conseguiu nó trazer nossa preferência , fora isso tudo foi muito bom .",1,0,0,1,0,0,0,1
lugar top ! ! ! !,0,0,0,1,0,0,0,0
ótimo ambient para saborear os peix da nossa região .,1,0,0,0,0,0,0,0
"ótimo lugar para um bom café region , comer a vontad e preço justo !",0,1,1,0,0,0,1,0
comida maravilhosa ! !,0,0,1,0,0,0,0,0
preço justo .,0,0,0,0,0,0,1,0
na minha opinião não vale o custo benefício .,0,0,0,0,0,0,1,0
ótimo atendimento do jackson excelent sempr preocupado se estava falado algo e se estávamo bem foi ótimo pronta para as próxima veze,0,0,1,0,0,0,0,0
"o ambient é excelent , ma o atendimento é muito demorado , principalment para trazer uma simpl bebida .",1,0,0,0,0,0,0,1
"isso quando o motoboy não se perd ou é assaltado , porqu da primeira vez ainda acreditei , ma na segunda fica difícil .",0,0,0,0,0,0,0,1
carta de vinho de primeira linha .,0,1,0,0,0,0,0,0
comida e atendimento de primeira,0,0,1,0,0,0,0,1
o sabor é o típico e origin da culinária lusitana e os preço bastant competitivo .,0,0,1,0,0,0,1,0
"o atendimento foi bom , ambient temático as criança gostaram .",1,0,0,0,0,0,0,1
"comida boa , porém a demora acab deixando a experiência ruim .",0,0,1,0,0,0,0,1
"lugar aconchegant , acústica perfeita , seleção music muito boa , comida é um espetáculo , drink maravilhoso e atendimento espetacular .",1,1,1,1,0,0,0,1
boa música acompanhada de freguesia descolada e descontraída .,1,0,0,0,0,0,0,0
pizza e massa saborosa com preço acessível .,0,0,1,0,0,0,1,0
"espaço fino , requintado , atendimento ágil , melhor torta , doce e salgado de manau .",1,0,1,0,0,0,0,1
uma culinária diferenciada e de bom sabor .,0,0,1,0,0,0,0,0
"comida de qualidad , excelent atendimento , e cerveja geladinha .",0,1,1,0,0,0,0,1
ambient muito legal .,1,0,0,0,0,0,0,0
"bom café , falta uma melhor apresentação do tipo de grão , não servem água com gá , ótima opção de lanch , porém , com valor um pouco salgado ..",0,1,1,0,0,0,1,0
"excelent atendimento , comida muito gostosa parabén",0,0,1,0,0,0,0,1
fui comemorar uma data especi .,0,0,0,0,0,1,0,0
ponto negativo : - cardápio caro e sem opção saudável .,0,0,1,0,0,0,0,0
"comida espetacular com sabor de comida caseira mesmo , atendimento cordial , preço muito bom .",0,0,1,0,0,0,1,1
uma verdadeira experiência culinária !,0,0,1,0,0,0,0,0
"péssima experiência , buffet pobr , carn dura , pouca guarniçõ , não recomendo , além disso , preço caro , pelo custo x benefício !",0,0,1,1,0,0,1,0
a melhor do ramo de grelhado ... ótimo ambient e atendimento excelent ...,1,0,1,0,0,0,0,1
"( tradução do googl ) boa comida , boa porçõ , a melhor comida mexicana da cidad , muito melhor do que fiesta , na minha opinião ( origin ) great food good portion best mexican food in the citi way better than fiesta in my opinion",0,0,1,0,0,0,0,0
"ambient bonito , boa comida , presta um bom serviço ... problema é horário ... estava lá numa quinta feira as 22:30 estavam empilhando cadeira e desligaram o ar condicionado tipo : vai embora ! ! !",1,0,1,0,0,0,0,1
preço honesto .,0,0,0,0,0,0,1,0
"confesso que esperava mai do restaurant , isso pode ter impactado na minha avaliação , ma é uma belíssima opção de jantar a doi , com a vista da praça e do teatro e prato bem feito , esteticament muito bem apresentado e saboroso .",1,0,1,1,0,0,0,0
mesma embalagem vai pro micronda ... otima ideia .. e delicioso com preço bom ... paraben frango mineiro,0,0,1,0,0,0,1,0
"provamo a formiga de entrada , bem diferent ma não comeria novament .",0,0,1,0,0,0,0,0
não condiz com o real nome do nome do prato descrito .,0,0,1,0,0,0,0,0
bom lugar para conhec a gastronomia region e bom atendimento e ambient agradável e preço convidativo .,1,0,1,0,0,0,1,1
"ambient familiar , muito bem estruturado , decoração impecável , uma mistura de pop rock , com cultura americana vintag ... vale a pena conhec essa pizzaria com uma variedad de opção de sabor , um cardápio com muita opçõ deliciosa com pizza doce , salgada , batata frita especi , hambúrguer , entr outro .... o estacionamento é amplo , ma precisa ainda de cuidado estruturai , melhorar o piso , e a estética da estrutura do prédio que fica a mostra , juntament com as tubulaçõ hídrica qu",1,0,1,0,1,0,0,0
"atendimento , prato fantástico , preço justo .",0,0,1,0,0,0,1,1
"muito bom est restaurant , as comida da minha terrinha , belem do pará !",0,0,1,1,0,0,0,0
"para a minha primeira impressão , tive uma experiência agradável , fui bem atendido e me admirei com a eficiência do pedido não tem miséria .",0,0,0,1,0,0,0,1
"ambient bem limpo e climatizado , também tem suco naturai e salada , bem como desconto com cartão fidelidad .",1,1,0,0,0,0,1,0
"o restaurant tem fácil acesso , local seguro , cardápio variado e ótimo serviço .",1,0,1,0,1,0,0,1
"sem dúvida , a melhor pizza de manau .",0,0,1,0,0,0,0,0
"ambient familiar , preço da comida acessívei .",1,0,0,0,0,0,1,0
ótimo atendimento .,0,0,0,0,0,0,0,1
"excelent opção de caldo e sanduich , em manau .",0,0,1,0,0,0,0,0
comparando com outro rodízio que são o mesmo valor deixa um pouco a desejar .,0,0,1,0,0,0,0,0
"carn maravilhosa , custo benefício , atendimento de primeira , ambient agradável , música ambient sensacion",1,0,1,0,0,0,1,1
"em abril de 2017 , apó um cruzeiro inesquecível pela região de anavilhana com o iberostar grand amazon , escolhemo o bistrô bell époqu , localizado no andar térreo do shop ponta negra em manau , para encerrar nossa estadia gastronômica no amazona .",0,0,0,0,0,1,0,0
"churrasco ficou a desejar , pouco sal e deixaram a carn secar , ambient agradável .",1,0,1,0,0,0,0,0
"preço ótimo , ambient agradável ( ma não climatizado ) , carn gostosa , e uma infinidad de pedido .",1,0,1,0,0,0,1,0
"apó um dia de trabalho e conhecimento adquirido no nosso evento científico , viemo jantar barolo .",0,0,0,0,0,1,0,0
lugar super agradável .,0,0,0,1,0,0,0,0
comida e ambient excelent tem estacionamento ótimo lugar pra levar a família .,1,0,1,0,1,0,0,0
"atendimento dentro do esperado , preço justo , ambient bem familiar .",1,0,0,0,0,0,1,1
o cardápio de cerveja especiai é muito limitado e as pouca cerveja são muito cara .,0,1,0,0,0,0,1,0
uma ótima opção pra ir depoi do culto no fim de semana ou durant a semana com os amigo ?,0,0,0,1,0,0,0,0
"tudo gostoso , muito rápido , estacionamento amplo , ótimo atendimento de todo os funcionário , principalment do garçom nayron e do chef raimundo , sempr perguntando se estava tudo certo",0,0,1,0,1,0,0,1
"equip muito atenciosa , comida deliciosa , local de fácil acesso , possui estacionamento .",0,0,1,0,1,0,0,1
amo delicioso,0,1,0,0,0,0,0,0
"os ingredient regionai são explorado de forma inusitada , alcançando resultado ótimo .",0,0,1,0,0,0,0,0
"lugar bem agitado , com certeza devido ao preço baixo e excelent comida .",1,0,1,0,0,0,1,0
pra quem gosta de tomar uma cervejinha ao ar livr e bater um bom papo no centro histórico de manau eh a melhor pedida .,0,1,0,1,0,0,0,0
lugar agradável pena que tiraram o espaço kid .,1,0,0,1,0,0,0,0
um do melhor restaurant regionai da cidad .,0,0,0,1,0,0,0,0
"atendimento , comida e bebida excelent",0,1,1,0,0,0,0,1
"além de ser bem atendido da recepção ao caixa , você ainda tem muita variedad de comida por um preço muito acessível !",0,0,1,0,0,0,1,1
atendimento muito bom desd o transfer no barco garçon atencioso .,0,0,0,0,0,0,0,1
"o coco bambu em manaux , fica no shop ponta negra , lugar bem bacana , conta com segundo piso , espaço muito bonito , comida diferenciada , e para as mulher que sentem aquel frio de sempr , levem casaquinho , poi os ar condicionado são muito bon .",1,0,1,1,0,0,0,0
comida simpl ma de boa qualidad e preço justo,0,0,1,0,0,0,1,0
"um restaurant flutuant com uma comida region diferenciada , muito boa .",0,0,1,0,0,0,0,0
a maior part do cardapio é uma releitura muito bem executada de prato tradicionai da região .,0,0,1,0,0,0,0,0
criatividad culinária distribuída num cardápio vasto com sabor e aroma do nosso paí e um atendimento de uma delicadeza intimista que no faz se sentir em casa,0,0,1,0,0,0,0,1
"um do locai regionai com maior preço da capit , pelo preço eu esperava um sanduích bem melhor recheado",0,0,1,0,0,0,1,0
"vário prato típico , sugestõ ótima e a comida deliciosa !",0,0,1,0,0,0,0,0
ótimo para se divertir com os amigo com um preço justo,0,0,0,1,0,0,1,0
"lugar super legal e ambient aconchegant , atendimento magnifico e comida excelent e café perfeito",1,1,1,1,0,0,0,1
"quando comparamo a bufalo com as churrascaria famosa do grand centro , como são paulo e rio de janeiro , com as famosa fogo de chão e porcão , vemo que a bufalo ainda tem muito a melhorar , principalment em sua variedad , que fica bem aquém da churrascaria ... mai",0,0,0,1,0,0,0,0
ótimo lugar,0,0,0,1,0,0,0,0
"atendimento de excelência , a pizza muito gostosa , um pouco mai cara em relação a outro lugar , ma pelo ambient vale a pena .",0,0,1,0,0,0,1,1
"ótimo atendimento , ambient limpo e playlist muito boa !",1,0,0,0,0,0,0,1
"lugar aconchegant , atendimento excelent , comida ótima",1,0,1,0,0,0,0,1
"ótimo lugar para tomar um delicioso café region ambient aconchegant é climatizado , vale apena conferir .",1,1,0,1,0,0,0,0
preço muito salgado .,0,0,0,0,0,0,1,0
um local super agradável .,0,0,0,1,0,0,0,0
"comida region muito boa , na mesa poderia ter un botõ para chamar os garçon .",0,0,1,0,0,0,0,0
"ambienta super agradável , atendimento simpático e simpl , carn de excelent paladar , custo benefício atrativo .",1,0,1,0,0,0,1,1
"um lugar maravilhoso , tranquilo , adorei o atendimento",0,0,0,1,0,0,0,1
ambient muito agradável e atendimento impecável .,1,0,0,0,0,0,0,1
se você procura uma cozinha region de qualidad vai encontrar aqui .,0,0,1,0,0,0,0,0
ainda tem uma parceria com o restaurant indígena que dá prazer em colaborar .,0,0,0,1,0,0,0,0
"aconchegant , elegant , atendimento simpático , bon produto .",0,0,1,1,0,0,0,1
"bom , vale o custo benefício",0,0,0,0,0,0,1,0
eu e meu marido tivemo um ótimo almoço de páscoa no restaurant banzeiro .,0,0,1,0,0,0,0,0
melhor opção de carn vermelha em manau .,0,0,1,0,0,0,0,0
"atendimento de primeira , ambient super agradável e a comida então , muito gostosa , carn de sol top da galáxia .",1,0,1,0,0,0,0,1
lugar bom porem pouca opção e valor muito superior para o lugar,0,0,1,1,0,0,1,0
"boteco tradicion , com boa música !",1,0,0,0,0,0,0,0
"restaurant aconchegant , comida gostosa , bom custo benefício .",1,0,1,0,0,0,1,0
"bem localizado , música ambient e para todo os gosto , comida deliciosa e atendimento excepcion .",1,0,1,0,1,0,0,1
"o espaço , convenient na horizont , tem im pé direito muito baixo o que faz o ruído ambient cansativo e estrudent , e a casa nem estava cheia .",1,0,0,0,0,0,0,0
"adolpho ... melhor diversidad de cort de carn da região , no ponto perfeito um verdadeiro gourmet de carn !",0,0,1,0,0,0,0,0
"ambient tranquilo , e ótimo pra relaxar fui muito bem atendida pela luana , muito educada sabe se comunicar e falou muito bem sobr seu produto , parabén pelo atendimento , ambient maravilhoso rústico um joelho de porco do deus parabén a todo .",1,0,0,0,0,0,0,1
"ambient acolhedor e familiar , com o sabor e cheiro de belém do pará .",1,0,0,0,0,0,0,0
"preço acima da média , contudo , excelent opção para uma boa refeição .",0,0,1,0,0,0,1,0
"ela está present em dezena de prato doce e salgado , do café da manhã ao jantar , e no banzeiro a fruta aparec em forma de um delicado creme , maçaricado ao estilo brullè e pode ser acompanhado com sorvet de cumaru , a baunilha amazônica .",0,0,1,0,0,0,0,0
lugar clima de amizad muito com a velha guarda excelent pagod de primeira qualidad .,1,0,0,0,0,0,0,0
atendimento ótimo / brinquedo interno e externo /cardápio pra almoço e jantar á qualquer dia e hora / rodízio de pizza ótimo .,1,0,1,0,0,0,0,1
"lugar muito confortável , ótimo lugar pra levar a família",1,0,0,1,0,0,0,0
"a entradinha , um caldo de tambaqui já abr ala pra uma boa experiência gastronômica .",0,0,1,0,0,0,0,0
nosssa uma delícia melhor amburg que já comi música boa habitant maravilhoso .,0,0,1,0,0,0,0,0
"super aconchegant , café delicioso",1,1,0,0,0,0,0,0
"lugar ok , as pizza não são tão boa .",0,0,1,1,0,0,0,0
"churrascaria com excelent variedad de salada , prato quent e é claro carn de primeira , melhor atendimento de manau de todo os restaurant visitado , não deixa a desejar em nada para outra churrascaria famosa do grand centro ...",0,0,1,0,0,0,0,1
"comida : pirarucu , camarão boa viagem , saboroso , sobremesa maravilhosa .",0,0,1,0,0,0,0,0
"depoi de andar un 40 metro deparamo com uma porta que não abr , tivemo que dar um volta e entrar pela porta princip , dai fomo ate o balcão e colocamo a comida chegamo no balcão de carn , ond encontramo uma grand resistencia e no servir as carn de qualidad inferior fria e sem opção",1,0,1,0,0,0,0,1
obrigado afonso e ao garçom elielson pela excelent recepção .,0,0,0,0,0,0,0,1
uma churrascaria de qualidad e sempr com as melhor carn e variedad de buffet .,0,0,1,1,0,0,0,0
melhor restaurant de manau,0,0,0,1,0,0,0,0
o melhor restaurant de manau .,0,0,0,1,0,0,0,0
hh muito vantajoso .,0,0,0,0,0,1,0,0
atendent simpática .,0,0,0,0,0,0,0,1
ótimo churrasco a um preço justo .,0,0,1,0,0,0,1,0
carn de sol deliciosa e cerveja gelada .,0,1,1,0,0,0,0,0
"rodízio excelent , ambient muito bom , os atendent são melhor ainda , enfim é um ótimo lugar para ir com amigo .",1,0,1,1,0,0,0,1
"e ainda tem uma brinquedoteca espetacular , por isso as criança adoram ir lá .",1,0,0,0,0,0,0,0
"sou paraens e gostei mto do lugar bem arejado , algun garçom são mto eficient já outro esquecem os pedido , preço bom .",1,0,0,0,0,0,1,1
a melhor pizzaria,0,0,0,1,0,0,0,0
"gostei muito do local , bem arejado , ambient familiar .",1,0,0,0,0,0,0,0
erick e belém melhor do melhor de bom .. super atencioso .. dedicado em atend bem .. parabén .. super recomendo ! !,0,0,0,0,0,0,0,1
preço justo ! !,0,0,0,0,0,0,1,0
"atendimento incrível , excelent funcionário merec uma promoção de cargo atendent jailton",0,0,0,0,0,0,0,1
"a noit tem um rodízio de pizza de vario sabor salgado e doce , além de buffet de massa , preço bom , ambient bom , bem localizado .",1,0,1,0,1,0,1,0
experiência única .,0,0,0,1,0,0,0,0
o vinho que é uma pedida quas que obrigatória esta um pouco fora do valor do mercado .,0,0,0,0,0,0,1,0
uma boa pedida para quem quer experimentar um pouco mai da comida orient é passar em uma da franquia da china in box em manau no bairro da cachoeirinha .,0,0,1,0,0,0,0,0
"bom garçom gabriel , bom ambient para vir com as criança ... boa comida e bom preço .",0,0,1,0,0,0,1,1
"cerveja gelada , copo igualment gelado .",0,1,0,0,0,0,0,0
"não tinha os prato pedido , música muito alta , barulho perturbador vindo do teto ... experiência não muito boa .",1,0,1,1,0,0,0,0
"melhor restaurant em manau , sem duvida ! !",0,0,0,1,0,0,0,0
"não é necessariament o melhor custo benefício , ma vale .",0,0,0,0,0,0,1,0
"pedimo 1 sanduích brioch misto , 1 croqu monsieur , 2 suco , 1 fatia de torta beijinho , tudo muito bom adorei , ma o valor de 98,20 reai , caro né ?",0,0,1,0,0,0,1,0
"local privilegiado para passar bon momento na hora do almoço , tudo na medida certa .",0,0,0,1,0,0,0,0
"bom custo benefíco , ótima brinquedoteca , banda de tambaqui muito boa , entradinha de caldo de peix cortesia",1,0,1,0,0,0,1,0
"ótimo ambient , atendimento de qualidad e agilidad , parabén",1,0,0,0,0,0,0,1
"pessoal , recomendo , essa tem uma grand variedad de cachaça , ultimament ganhou o premio da revista veja , além de um excelent atendimento , um toicinho delicioso , mai esta sempr cheio , tem que ser pacient para conseguir uma mesa , isso torna , ate mai atrativo .",0,0,0,0,0,0,0,1
deni ótimo atendent,0,0,0,0,0,0,0,1
preço justo e estacionamento fácil .,0,0,0,0,1,0,1,0
"ótimo atendimento pelo garçom frança , comida muito boa e preço justo , ambient agradável com boa frequência ..",0,0,1,1,0,0,1,1
ótimo restaurant,0,0,0,1,0,0,0,0
"prato bem servido com qualidad , sabor e preço muito bon .",0,0,1,0,0,0,1,0
tomamo um café region delicioso .,0,1,0,0,0,0,0,0
"um do melhor rodízio de pizza e massa que já fui , se não o melhor .",0,0,1,0,0,0,0,0
"lugar super agradável , música ao vivo .",1,0,0,1,0,0,0,0
"precisa melhorar os petisco , a última vez q fui foi semana passada pedi camarõ empanado e estavam com aspecto estranho quas q estragado preço médio + um pouco caro porção de camarão custou 76 reai",0,0,1,0,0,0,1,0
sem dúvida o melhor açaí frozen de manau .,0,0,1,0,0,0,0,0
comida boa .,0,0,1,0,0,0,0,0
"a picanha mania proporciona a melhor comida de manau , alem de um ambient super confortavel e aconchegant .",1,0,1,0,0,0,0,0
"apesar de ser um restaurant pequeno e que não possui estacionamento privado , até então é fácil estacionar o carro na proximidad do restaurant .",1,0,0,0,1,0,0,0
"lugar super agradável , comida excelent , preço acima da média , ma vale cada centavo investido em seu jantar .",0,0,1,1,0,0,1,0
"manau tem lugar maravilhoso entr ele estão os flutuant no rio negro , nessa féria fui ao flutuant abar sup & food , o atendimento bom , cerveja bem gelada , música de qualidad , ao final do dia é possível ter um do mai belo visuai ... mai",1,1,1,1,0,0,0,1
"lugar aconchegant , comida maravilhosa , preço justo .",1,0,1,0,0,0,1,0
"local super confortável , combinaria perfeita , com vária opçõ e preço maravilhoso .",1,0,1,0,0,0,1,0
"bom fui em um dia de sabado e como todo os locai de qualidad foi preciso aguardar un 30 minuto porqu escolhemoi o mesanino para ficar , poi no térreo seria , muito mai tempo acredito .",0,0,0,0,0,0,0,1
excelent ambient,1,0,0,0,0,0,0,0
"sabor da carn muito bom , podendo pedir o ponto da carn bem ... mai",0,0,1,0,0,0,0,0
"otimo lugar para ir com familia e amigo , rodizio de pizza bom , com muita variedad , atendimento a contento .",0,0,1,1,0,0,0,1
tivemo uma ótima experiência gastronômica no melhor restaurant de manau .,0,0,1,1,0,0,0,0
tem vária opçõ de prato e suco regionai .,0,1,1,0,0,0,0,0
otimo local pra tomar um bom cafe a qualquer hora,0,1,0,0,0,0,0,0
vale a pena uma visita para que tirem as própria conclusõ da comida .,0,0,0,1,0,0,0,0
ambient para toda família com excelent cardápio,1,0,1,0,0,0,0,0
"um lugar bonito , café boa e comida boa .",1,1,1,0,0,0,0,0
"o único ponto em desfavor seria o valor um pouco alto ma , pela qualidad do restaurant , é justificável",0,0,0,1,0,0,1,0
"café da manhã excepcion , muito bom , todo os iten como preço justo",0,0,1,0,0,0,1,0
"lugar muito agradável , muito bom para ir com família e amigo ?",0,0,0,1,0,0,0,0
"local maravilhoso , sem contar no atendimento do mateu q é tooooooop ? ?",0,0,0,1,0,0,0,1
um ótimo lugar para estar com os amigo cerveja sempr gelada .,0,1,0,1,0,0,0,0
parabén a família por est tradicion restaurant .. que jeová deu lhe abenço grandement .,0,0,0,1,0,0,0,0
"carn do hamburg mal temperada , milkshak enjoativo .",0,1,1,0,0,0,0,0
bom atendimento e preço justo .,0,0,0,0,0,0,1,1
ótimo restaurant .. é possível fazer foto estilo cangaceiro rsrsr,0,0,0,1,0,0,0,0
"é um excelent lugar , recomendo demai , um lugar aconchegant e um atendimento impecável .",1,0,0,1,0,0,0,1
a fatia é grand rsr .,0,0,1,0,0,0,0,0
"atendimento do rodrigo uchoa muito bom , atencioso .",0,0,0,0,0,0,0,1
"lugar tranquilo e calmo sem precisar sair da cidad , ótimo pra dar uma fugidinha da loucura urbana .",0,0,0,1,0,0,0,0
preço alto .,0,0,0,0,0,0,1,0
"o restaurant tem outra opçõ de carn , porém o fort é o bacalhau ; ele oferecem ao meno uma 20 combinaçõ de bacalhau .",0,0,1,0,0,0,0,0
"o local é super agradável , o atendimento é rápido , os atendent são bem atencioso , tem espaço para criança , preço acessível e ótimo produto .",1,0,1,1,0,0,1,1
"atendimento excelent e uma ótima casa para se divertir entr amigo , e claro , fazer nova amizad !",0,0,0,1,0,0,0,1
"lugar animado , boa experiência gastronômica , passeio de sup pelo rio negro , loung , mesa ao ar livr , música de boa qualidad , piscina no rio negro , vista linda p o pôr do sol , banheiro limpo , traslado de barco até o bar e atendimento atencioso pelo garçom marco .",1,0,1,0,0,0,0,1
amamo o atendimento do garcon em treinamento wesley super atencioso e pacient com nossa solicitações.ja pode ser promovido .,0,0,0,0,0,0,0,1
"ótimo ambient e excelent atendimento , com bon preço e boa comida ... mai que recomendado .",1,0,1,0,0,0,1,1
"gostamo muito do ambient e pela quantidad de pessoa a servir , a comida veio rápido , muito saborosa e o atendimento do garçom osmar foi excelent , tentarei na próxima ida ao local , ficar na mesa servida por ele .",1,0,1,0,0,0,0,1
maravilhoso nota 10 cerveja gelada mega atendimento nota 10 valeu leo jacaré,0,1,0,0,0,0,0,1
"no último mese a quantidad de proteina ( camarõ , fruto do mar , etc ) no prato vem diminuindo !",0,0,1,0,0,0,0,0
"pens num restaurant que gosto muito de frequentar , adoro o paladar , ambient gostoso e atendimento nota 1000 .",1,0,1,0,0,0,0,1
"bar localizado no largo são sebastião , serv um ótimo sanduích de pernil com cerveja bem gelada , ponto de encontro de jornalista e da boemia da cidad",0,1,1,0,0,0,0,0
"lugar bem arrumado , comida boa e preço justo !",1,0,1,0,0,0,1,0
"pelo contrário , na cafeteria de manau , há melhor e mai acessívei opçõ .... mai",0,0,0,1,0,0,0,0
"atendimento impecável , comida boa .",0,0,1,0,0,0,0,1
as mesa ficam distribuída em quarto .,0,0,0,0,0,1,0,0
excelent lugar !,0,0,0,1,0,0,0,0
"lugar ótimo , super recomendo !",0,0,0,1,0,0,0,0
"preço ok , comida boa , drink mto bon !",0,1,1,0,0,0,1,0
carn passou muito do ponto e outro prato não vem com os ingredient descrito talvez a casa só funcion direito quando a chef está present .,0,0,1,0,0,0,0,0
"péssimo atendimento , comida cara , fria e o suco é de caixa .",0,0,1,0,0,0,0,1
ótimo custo benefício,0,0,0,0,0,0,1,0
"uma da pior pizza que já comi , participei do rodízio em família no dia da criança , a massa da pizza crua com as borda preta queimada , as pizza so tem nome diferent mai toda com mesmo gosto de nada , outra bem salgada , os ingredient parecem ... mai",0,0,1,0,0,0,0,0
ótimo lugar aconchegant,1,0,0,1,0,0,0,0
cerveja gelada ( não tão em conta ) e músico bon que sempr estão tocando por lá .,1,1,0,0,0,0,0,0
"um pouco mai de atenção ao iten de maior rotatividad solucionaria , o atendimento do garçon é bem satisfatório .",0,0,0,0,0,0,0,1
"local agradável , decoração criativa e serviço atencioso .",1,0,0,1,0,0,0,1
o langril é um restaurant razoável .,0,0,0,1,0,0,0,0
não é de admirar est lugar tem sido consistentement melhor restaurant foi classificado em manau no último ano .,0,0,0,1,0,0,0,0
"ma é possível encontrar na adjacência algun privado que não possui preço fixo , aceitando apena algun trocado .",0,0,0,0,0,1,0,0
ótimo custo benefício !,0,0,0,0,0,0,1,0
almoço no estilo self-servic ond você come bem pagando um preço justo .,0,0,1,0,0,0,1,0
é a melhor churrascaria de manau ! ! !,0,0,0,1,0,0,0,0
"ambient aconchegant , excelent atendimento e prato delicioso !",1,0,1,0,0,0,0,1
"gosto mai do shop ponta negra , meno agitado .",0,0,0,1,0,0,0,0
gostei da atendent da nossa mesa ... creio que todo sejam do mesmo padrão .,0,0,0,0,0,0,0,1
local acochegant e com um ambient bem agradável ....,1,0,0,0,0,0,0,0
muito bom loca,0,0,0,0,0,1,0,0
"local agradável , fomo muito bem recebido pelo alex , muito solícito e gent do bem !",0,0,0,1,0,0,0,1
preço justo .,0,0,0,0,0,0,1,0
"excelent comida , bom atendimento.prato típico , ambient agradável , sobremesa deliciosa .",1,0,1,0,0,0,0,1
"excelent lugar , confortável com bom atendimento e variedad de comida saborosa .",1,0,1,1,0,0,0,1
"estava fria e espalhada a primeira vez que pedi estava maravilhoso , dessa vez realment não valeu a pena nada no que paguei .",0,0,1,0,0,0,0,0
acho um lugar fantástico aconselho ao turista conhecerem,0,0,0,1,0,0,0,0
"ele tinham 6 cozinheiro de linha visívei @ todo os tempo , as mesa eram limpa rapidament e ninguém parecia encontrar garçon difícei de encontrar .",1,0,0,0,0,0,0,1
"lugar muito bom , atendimento excelent , comida muito boa com alimento bem preparado .",0,0,1,1,0,0,0,1
um ótimo lugar para curtir uma cerveja geladinha e a boa música brasileira .,1,1,0,0,0,0,0,0
"muito bom , ambient família .",1,0,0,0,0,0,0,0
"gastronomia maravilhosa , música ao vivo sensacion , atendimento rápido com o garçom izaquiel iluminação excelent para self maravilhoso .",1,0,1,0,0,0,0,1
ambient muito grand e bom ar condicionado .,1,0,0,0,0,0,0,0
ótimo lugar para se divertir e levar a família e os amigo .,0,0,0,1,0,0,0,0
ambient para ocasiõ especiai,1,0,0,0,0,0,0,0
um restaurant self-servic com imensa variedad de opçõ ( deliciosa ! ),0,0,1,0,0,0,0,0
"a cachaçaria já foi boa , ma hoje não é mai , depoi que a vigilância sanitária encontr carn estragada no local , nunca mai tive coragem de comer lá .",0,0,1,1,0,0,0,0
"ótimo lugar , ambient agradável , ótimo atendimento e comida deliciosa !",1,0,1,1,0,0,0,1
restaurant simpl comida saborosa e um ótimo atendimento .,0,0,1,0,0,0,0,1
ambient muito bom .,1,0,0,0,0,0,0,0
excelent atendimento do emanuel carioca !,0,0,0,0,0,0,0,1
excelent atendimento e a comida realment muito boa .,0,0,1,0,0,0,0,1
almoço excelent ! !,0,0,1,0,0,0,0,0
lugar simpl para uma refeição rápida e de qualidad .,0,0,1,1,0,0,0,0
restaurant excelent .,0,0,0,1,0,0,0,0
ótimo lugar,0,0,0,1,0,0,0,0
"atendimento excelent , variedad de sabor , ambient agradável ?",1,0,1,0,0,0,0,1
"gostei muito do ambient , do atendimento e da comida , recomendo muito o local principalment para as pessoa que gostam de café region .",1,1,1,0,0,0,0,1
muito bom o local !,0,0,0,1,0,0,0,0
ótimo ambient e ótima bebida .,1,1,0,0,0,0,0,0
lugar aconchegant com boa comida amazonens deliciosa e requintada !,1,0,1,0,0,0,0,0
atendimento impecável ? ? ?,0,0,0,0,0,0,0,1
"ótimo atendimento , alimento bem feito e confiável ; preço muito bom também !",0,0,1,0,0,0,1,1
super maravilhoso,0,0,0,1,0,0,0,0
atendimento maravilhoso e sabor incrívei ?,0,0,1,0,0,0,0,1
música muito alta,1,0,0,0,0,0,0,0
um ótimo local para ir com os amigo ou familiar .,0,0,0,1,0,0,0,0
comida region bem servida com um atendimento muito bom .,0,0,1,0,0,0,0,1
local muito bom gostaria de curtir um bom samba,1,0,0,0,0,0,0,0
"se você vai apena pela pizza recomendo muito poi a qualidad da pizza é excelent , ma se você vai para comer sushi eu não recomendaria , poi cheguei às 19h e demoraram uma eternidad para começar a sevir e ainda era sushi do dia anterior com a alga incomestível além de ter apena 4 opçõ de sushi foi uma decepção total dinheiro jogado no lixo .",0,0,1,0,0,0,0,1
"lugar agradavel , cerveja geladissima , variedad de petisco , o joelho de porco defumado deve ser experimentado , toda as cacharia tem um excelent ambient , porem o atendimento da loja do p10 , deixa um pouco a desejar .",1,1,1,0,0,0,0,1
"recomendo com certeza , uma da melhor opçõ em manau .",0,0,0,1,0,0,0,0
"acho o local pequeno , precisei alguma veze dividir a mesa ma pela comida vale a pena .",1,0,1,0,0,0,0,0
atendimento ótimo !,0,0,0,0,0,0,0,1
local muito bem agradável .,0,0,0,1,0,0,0,0
"sambinha na rua , de qualidad e com preço acessível na cerveja .",1,0,0,0,0,0,1,0
"o atendimento é o diferenci , fomo muitíssimo bem atendido pelo ferreira , gent boa , que no indic a torta de banana como sobremesa .",0,0,0,0,0,0,0,1
"comida boa ... ambient muito iluminado ... acústica prévia ser melhorada , poi mesmo em conversa baixa , o som acaba sendo ficando elevado ...",1,0,1,0,0,0,0,0
recepção na entrada péssima .,0,0,1,0,0,0,0,0
"se não tem música ao vivo , pelo meno terá música ambient .",1,0,0,0,0,0,0,0
excelent ambient,1,0,0,0,0,0,0,0
comida espetacular e atendimento excelent .,0,0,1,0,0,0,0,1
"muito bom mesmo , e o com ótima variedad de pizza !",0,0,1,1,0,0,0,0
"tudo de bom , lugar agradável custo benefício muito bom .",0,0,0,1,0,0,1,0
e tem bom preço ! !,0,0,0,0,0,0,1,0
"ótimo lugar para comer uma deliciosa pizza no rodizio de massa , ambient climatizado , bem familiar , atendimento nota 10 , ótima localização !",1,0,1,0,1,0,0,1
"amo comida mexicana , e a de você estava saborosíssima , o guacamol maravilhoso ... parabén ?",0,0,1,0,0,0,0,0
"lugar de gent bonita , comida boa e bebida para todo os gosto .",1,1,1,0,0,0,0,0
"tem uma cachaça de uva , maravilhosa !",0,1,0,0,0,0,0,0
preço acessível e comida maravilhosa .,0,0,1,0,0,0,1,0
"o lugar também possui estacionamento exclusivo , espaço para tirar foto e para as criança brincarem .",1,0,0,0,1,0,0,0
no dia que fui o banheiro estava mal cuidado e nem tinha sabão para lavar as mão .,1,0,0,0,0,0,0,0
"sanduích bem elaborado e molho razoávei , lugar bacana .",0,0,1,1,0,0,0,0
"excelentíssimo restaurant , com especialidad em carn de sol , é uma da melhor carn de sol servida em manaus/am .",0,0,1,1,0,0,0,0
a recepcionista lorena foi muito educada e gentil .,0,0,0,0,0,0,0,1
excelent lugar,0,0,0,1,0,0,0,0
"pra padrão de qualidad do restaurant é um ótimo custo benefício , ainda mai no happi hour em que vária entrada e bebida custam a metad do preço normal .",0,0,0,0,0,0,1,0
"uma experiência maravilhosa , fomo atendido pelo garçom adriano , super recomendo , comida ótima , atendimento excelent , ambient maravilhoso , nota 1000 .",1,0,1,1,0,0,0,1
"porém , em data comemorativa o atendimento é bastant demorado .",0,0,0,0,0,0,0,1
ambient agradabilíssimo e com música ao vivo final de semana .,1,0,0,0,0,0,0,0
maravilhoso agradavél acolhedor e comida de primeira.preço jsuto,0,0,1,0,0,0,1,0
ambient espaçoso e atendimento rápido .,1,0,0,0,0,0,0,1
"sugiro o prato praia de boa viagem , ótimo custo benefício , cheinho de camarõ , a caipriroska muito boa , chop em dobro ate às 20h .",0,1,1,0,0,0,1,0
ambient agradável e som maravilhoso,1,0,0,0,0,0,0,0
"atendimento excepcion , restaurant maravilhoso , e a melhor trilha sonora que se pode imaginar !",1,0,0,1,0,0,0,1
amei o restaurant atendimento espertacular do garçom anderson frança muito excelent em tudo amei o prato boa viagem camarão internacion tudo maravilhoso minha amiga gise que me indic inclus trabalha no restaurant ..... voltarei ma veze pra mim confraternizar com a família com certeza voltarei tudo incrível ... mai,0,0,1,1,0,0,0,1
decoração belíssima ma infelizment o sabor da comida não é igual ao da culinária paraens .,1,0,1,0,0,0,0,0
opção vegetariana de ótima qualidad .,0,0,1,0,0,0,0,0
melhor lugar de manau para comer uma picanha com os amigo e familiar .,0,0,1,0,0,0,0,0
ótima churrascaria e com localização boa,0,0,0,1,1,0,0,0
existem estabelecimento com comida mai incrementada em manau pagando-s o mesmo valor .,0,0,1,0,0,0,1,0
"a primeira vez que minha filha teve contato com o rio foi no abaré , graça a um ambient tranquilo , familiar e seguro , tivemo a melhor experiência do mundo .",1,0,0,1,0,0,0,0
preço também bastant acessível .,0,0,0,0,0,0,1,0
"ótima recepção , preço incrível da pra sentir um gosto de mina gerai oooooh trem bom",0,0,1,0,0,0,1,1
rodízio bom e com preço justo .,0,0,1,0,0,0,1,0
"excelent restaurant , servindo carn de qualidad , um bom atendimento .",0,0,1,1,0,0,0,1
opção familiar excelent .,0,0,0,1,0,0,0,0
"comida muito boa , ma faltou um um som ambient",1,0,1,0,0,0,0,0
muito bom para um lanch rápido no final da noit ou madrugada .... pizza em dobro com valor justo !,0,0,1,0,0,0,1,0
"um bar tradicion amazonens , recanto de pessoa que gostam de uma cervejinha bem gelada e música ao vivo !",1,1,0,1,0,0,0,0
"possui estacionamento , mesa de sinuca , pista de bolich , espaço infantil e jogo eletrônico .",1,0,0,0,1,0,0,0
comida excelent e com preço justo .,0,0,1,0,0,0,1,0
"tem até sanduich de mortadela ... a carne-de-sol é o ponto alto do restaurant , ma ele se aventuram na gastronomia , tem também bolinho de feijoada , pato no tucupi , filé , pirarucu .",0,0,1,0,0,0,0,0
"atendimento excelent , carta de vinho muito boa .",0,1,0,0,0,0,0,1
"atendimento muito bom , jardel rapaz bem simpático !",0,0,0,0,0,0,0,1
"preço razoável , atendimento muito bom , ambient agradável , cardápio variado com boa opçõ de bebida , para quem gosta de cachaça é o lugar ideal .",1,1,0,0,0,0,1,1
"o caldo de piranha foi a minha primeira grand surpresa , poi foi a primeira vez que eu provei , em seguida uma matrinchã assada , que é servida em cima de uma folha de bananeira , vale muito experimentar .",0,0,1,0,0,0,0,0
preço razoável,0,0,0,0,0,0,1,0
"fui atendido , sem absolutament nenhuma cerimônia , nenhum simpl pedido de desculpa .",0,0,0,0,0,0,0,1
ótimo atendimento e a cerveja muito gelada,0,0,1,0,0,0,0,1
ambient agradável e com música boa .,1,0,0,0,0,0,0,0
ambient excelent .,1,0,0,0,0,0,0,0
lugar muito bom tem ótima opçõ de tira gosto e a cerveja e bem gelada o atendimento e meio demorado ma vale a pena pelo empório que tem muita variedad,0,1,1,1,0,0,0,1
"imenso atraso na entrega , não recomendo !",0,0,0,0,0,0,0,1
"o preço da região é elevado , e o bar acompanha , ma o serviço e os tira gosto ... mai",0,0,0,0,0,0,1,0
"ambient sofisticado e aconchegant , atendimento ótimo e , a moqueca cearens mista estava uma delícia !",1,0,1,0,0,0,0,1
"excelent atendimento , cardápio incrível .",0,0,1,0,0,0,0,1
churra de qualidad e bebida geladinha ótimo ambient família,1,1,1,0,0,0,0,0
"apesar do preço não muito acessível , o banzeiro é uma opção que deve ser levada em consideração para aquel que buscam um restaurant com prato típico da região .",0,0,1,0,0,0,1,0
de sobremesa petit gateau de chocol com cupuaçu !,0,0,1,0,0,0,0,0
"restaurant com muita opçõ de sabor , desd a saborosa carn de sol , joelho suíno e sobretudo o açaí do pará .",0,0,1,0,0,0,0,0
"( isso falando de almoço , poi é o único horário que conheço do estabelecimento )",0,0,0,0,0,1,0,0
"local agradável , bom atendimento e rodízio excelent ! ! !",0,0,1,1,0,0,0,1
"o ambient é um detalh a part , conta com boa decoração com enfas no materiai da região .",1,0,0,0,0,0,0,0
o melhor kikao da cidad !,0,0,1,0,0,0,0,0
"contando com excelent instalaçõ e situado no coração gastronômico do bairro vieiralv , a casa possui um cardápio variado de cozinha internacion com leve toqu de regionidad em algun prato , o que deve agradar a uma clientela bastant diversificada .",1,0,1,0,0,0,0,0
comida maravilhosa e preço justo,0,0,1,0,0,0,1,0
lugar lindo bom atendimento e serviço finalizaçõ impecávei e boa opçõ no cardápio deixa a desejar no sabor,1,0,1,0,0,0,0,1
você sabem tornar o atendimento impecável .,0,0,0,0,0,0,0,1
"atendimento excelent , comida boa , com bastant opção , inclus de salada !",0,0,1,0,0,0,0,1
"foi-s o tempo que tínhamo um bom serviço no coco bambu , como frequentador assíduo vejo cair dramaticament a qualidad no último mese .",0,0,0,0,0,0,0,1
dica : camarão imperi e sobremesa a famosa cocada de forno com sorvet e torta de banana .,0,0,1,0,0,0,0,0
"ótimo espaço , em evento temático se torna ainda mai bonito .",1,0,0,0,0,0,0,0
o lugar é ótimo para quem quer apreciar a natureza tomar um bom banho de rio e curtir o por do sol que o lugar proporciona .,1,0,0,0,0,0,0,0
para os ribeirinho amazônico ‘ banzeiro ’ é a agitação da água feita pelo vento .,0,0,0,0,0,1,0,0
"excelent ambient , música não atrapalha as conversa paralela e o atendimento excelent obrigada fabrício pela atenção a nossa mesa , mai atendent como vc .",1,0,0,0,0,0,0,1
"o atendimento maravilhoso pelo garçom ricardo josé , foi uma experiência ótima prato maravilho , ambient aconchegant ...",1,0,1,0,0,0,0,1
cerveja regionai e petisco para quem quer curtir .,0,1,1,0,0,0,0,0
sempr uma ótima opção ... ma o pessoal é demorado para atend e fazer a entrega .,0,0,0,1,0,0,0,1
"prato bem servido , bom atendimento e preço justo , vale a pena conferir !",0,0,1,0,0,0,1,1
"comida fresquinha , muito bem feita , e de muita qualidad .",0,0,1,0,0,0,0,0
"atendimento excelent , e comida nota 1000",0,0,1,0,0,0,0,1
preço ótimo,0,0,0,0,0,0,1,0
trata-s de um restaurant tradicion de manau e bastant indicado pela pessoa da cidad .,0,0,0,1,0,0,0,0
"ótimo atendimento , comida excelent , ma o sorvet não vem na quantidad que mostra no cardápio .",0,0,1,0,0,0,0,1
"boa pizzaria , amplo espaço , com direito a área para criança , com sabor entr médio e bom .",1,0,1,1,0,0,0,0
"ambient noir e intimista , passar a noit ness bistrô vai fazer sua ida a manau ser uma ótima lembrança à la francesa !",1,0,0,0,0,0,0,0
comida de boa qualidad atendimento excelent pelo phelip,0,0,1,0,0,0,0,1
"lugar agradável , atendimento muito bom",0,0,0,1,0,0,0,1
"lugar bom para um almoço rápido durant o horário de pico , ma se for fora dele os funcionário arrumando o salão é uma experiência horrível !",0,0,0,1,0,0,0,1
valor acessível !,0,0,0,0,0,0,1,0
"ótimo restaurant anexo ao manauara shop , com prato típico do amazona .",0,0,1,1,0,0,0,0
ambient retrô com uma biblioteca interessant ! !,1,0,0,0,0,0,0,0
maiones muito ruim que acompanha o peix frito .,0,0,1,0,0,0,0,0
"comida boa e no preço top , muita opçõ no cardápio , atendent super rápido e solícito .",0,0,1,0,0,0,1,1
se temperar a carn moída e colocar mai ingredient talvez fiqu mai parecido com comida mexicana .,0,0,1,0,0,0,0,0
"ambient agradável , ótima recepção , comida de excelência , peix de dar água na boca , a casa também dispõ de uma brinquedoteca que deixa a criança mai à vontad e o serviço de manobrista , super recomendo ess restaurant !",1,0,1,0,0,0,0,1
qual o valor da torta grand,0,0,0,0,0,1,0,0
"restaurant premiado , de comida region .",0,0,1,1,0,0,0,0
área total climatizada .,1,0,0,0,0,0,0,0
"atendimento excelent garçon rafael e senna muito atencioso , atendimento nota 1000 ...",0,0,0,0,0,0,0,1
"atendimento do garçom luiz excelent e o prato escolhido foi o câmara búzio muito bom , música ambient maravilhosa .",1,0,1,0,0,0,0,1
"otimo ambient , possui um estacionamento pequeno porém exist outro do outro lado da rua do restaurant do mesmo grupo .",1,0,0,0,1,0,0,0
"fazia muito tempo que não apreciava ess espaço , chegamo às 15:30 quas no final do expedient , na próxima avaliarei melhor , sendo que a carn servida estava top .",0,0,1,0,0,0,0,0
muito bom amo o atendimento .,0,0,0,0,0,0,0,1
"comida boa , atendimento excelent , ambient muito agradável , musica ao vivo , preço razoável , recomendo .",1,0,1,0,0,0,1,1
um ótimo restaurant em manau tradicion,0,0,0,1,0,0,0,0
"lugar bem pitoresco , localizado no centro histórico da cidad , é bem frequentado , até mesmo por turista , possui um ótimo atendimento",0,0,0,1,0,0,0,1
"ambient agradável , bom para conversar com amigo",1,0,0,0,0,0,0,0
"lugar agradável , calmo e com pessoa extremament educada para no atend .",0,0,0,1,0,0,0,1
"lugar maravilhoso , com ótimo atendimento .",0,0,0,1,0,0,0,1
"ambient climatizado , atendimento rápido e pratico , variedad de prato opcionai , a melhor picanha da cidad , com sabor inconfundível , e as melhor bebida e sobremesa .",1,0,1,0,0,0,0,1
"lugar agradável , para ir com a família , amigo , a doi , atendimento rápido e comida saborosa ; preço justo .",0,0,1,1,0,0,1,1
atedimento muito top .,0,0,0,0,0,0,0,1
"o valor , claro que depend de condição financeira para condição financeira , é absurdament barato , ainda mai em comparação com outro estabelecimento sem nenhuma infraestrutura com preço mai caro .",0,0,0,0,0,0,1,0
"muito boa experiência , garcon everton é extremament atencioso ....",0,0,0,1,0,0,0,1
atendimento excelent e espaço muito tranquilo,1,0,0,0,0,0,0,1
"ótimo preço para o tipo de alimento , atendimento rápido e de qualidad",0,0,1,0,0,0,1,1
"atendimento ótimo , e preço razoável !",0,0,0,0,0,0,1,1
para quem gosta de carn ( churrasco ) é uma da melhor opcõ de manau picanha mania um salada verd deliciosa e um bom atendimento .,0,0,1,0,0,0,0,1
"cerveja na temperatura ideal , o melhor do bar .",0,1,0,0,0,0,0,0
"ao lado tem arborização do quintal vizinho , o que proporciona mai contato com a natureza .",1,0,0,0,0,0,0,0
"ótimo lugar , sempr lotado",1,0,0,1,0,0,0,0
preço alto !,0,0,0,0,0,0,1,0
"excelent restaurant self servic , com um cardápio variado e de excelent qualidad .",0,0,1,1,0,0,0,0
"ambienta super agradável , atendimento simpático e simpl , carn de excelent paladar , custo benefício atrativo .",1,0,1,0,0,0,1,1
lugar bacana com boa climatização .,1,0,0,1,0,0,0,0
doi ponto fraco : o preparo do prato é lento e o restaurant é pequeno .,1,0,0,0,0,0,0,1
prato bem servido e com sabor peculiar de um prato feito com ingredient e modo preparo de alta ... mai,0,0,1,0,0,0,0,0
"ótimo menu , excelent atendimento , preço justo .",0,0,1,0,0,0,1,1
ótimo restaurant .. peix incrível e o baião .. de respeito,0,0,1,1,0,0,0,0
"uma da melhor pizzaria da cidad , aconchegant , espaçoso , higienizado , bem iluminado , funcionário educado e prestativo , com excelent espaço para as criança .",1,0,0,1,0,0,0,1
"bon prato , preço justo , ambient e decoração agradável , bom atendimento .",1,0,1,0,0,0,1,1
restaurant muito caro pra quem não tem estacionamento,0,0,0,0,1,0,1,0
bar histórico ... bom atendimento ... cerveja bem gelada .. bon petisco .,0,1,1,1,0,0,0,1
ótimo peix e ótimo atendimento,0,0,1,0,0,0,0,1
"comida muito saborosa , local aconchegant e ótimo preço ! !",1,0,1,0,0,0,1,0
excelent experiência degustativa .,0,0,1,0,0,0,0,0
